MachineID,Sensor1,Sensor2,Sensor3,Sensor4,ServicePeriod,ErrorID_error1,ErrorID_error2,ErrorID_error3,ErrorID_error4,ErrorID_error5,ComponentReplacement_Component2,ComponentReplacement_Component3,ComponentReplacement_Component4,ComponentReplacement_Component1,ComponentAttended_Component2,ComponentAttended_Component3,ComponentAttended_Component4,ComponentAttended_Component1,ServiceType_ComponentRepair,ServiceType_ScheduledService,MachineModel_model2,MachineModel_model3,MachineModel_model4,MachineModel_model1
MID11006,170.7899415856396,446.82243364497606,100.87460268013017,40.556567405883754,168462,5.0,3.0,3.0,1.0,3.0,5.0,0.0,5.0,5.0,9.0,6.0,8.0,6.0,29.0,0.0,0.0,8022.0,0.0,0.0
MID11007,170.25048992267392,446.7624142928414,101.543546092542,40.64473077076573,168378,2.0,2.0,1.0,3.0,6.0,1.0,5.0,7.0,2.0,6.0,7.0,7.0,5.0,25.0,0.0,8018.0,0.0,0.0,0.0
MID11039,170.9366587853852,446.31377865070243,100.86370394188774,40.56895479112113,176418,2.0,4.0,4.0,0.0,3.0,4.0,0.0,5.0,2.0,4.0,6.0,7.0,7.0,24.0,0.0,0.0,8019.0,0.0,0.0
MID11045,171.17043951401894,446.9437585171325,100.82264355264772,40.3568479688473,168525,2.0,3.0,3.0,0.0,3.0,6.0,0.0,2.0,3.0,6.0,8.0,10.0,6.0,29.0,1.0,0.0,0.0,8025.0,0.0
MID11049,170.7318078678305,446.5114146134657,100.61546900374053,40.51510040024933,168420,0.0,1.0,1.0,2.0,4.0,1.0,0.0,7.0,1.0,4.0,13.0,7.0,7.0,31.0,0.0,0.0,0.0,8020.0,0.0
MID11052,170.56683955865824,445.9226486348347,100.615320508665,40.40348999625974,168441,3.0,3.0,3.0,1.0,4.0,4.0,0.0,7.0,2.0,5.0,11.0,7.0,4.0,24.0,3.0,0.0,8021.0,0.0,0.0
MID11069,170.52050475062384,446.00126179551205,100.63694060473802,40.38785997381531,168420,4.0,3.0,3.0,2.0,2.0,4.0,0.0,3.0,5.0,8.0,7.0,3.0,9.0,24.0,3.0,0.0,8020.0,0.0,0.0
MID11072,170.56995321192525,445.3741073593613,101.53945158413404,40.56132089684395,168357,1.0,3.0,3.0,5.0,4.0,3.0,8.0,3.0,1.0,7.0,5.0,4.0,7.0,23.0,0.0,8017.0,0.0,0.0,0.0
MID11074,170.9400040543904,446.7173462949108,101.02830112150718,40.34164934256497,160320,4.0,2.0,2.0,0.0,2.0,3.0,0.0,3.0,4.0,5.0,7.0,5.0,8.0,25.0,0.0,0.0,0.0,8016.0,0.0
MID11077,171.02871308469557,447.11564706249123,100.64037772608202,40.55112305974799,160340,1.0,4.0,4.0,1.0,4.0,5.0,0.0,6.0,1.0,5.0,7.0,5.0,6.0,21.0,2.0,0.0,8017.0,0.0,0.0
MID11080,170.86265473697415,447.6368975193204,101.16233534530126,40.40474234480187,168462,2.0,2.0,1.0,4.0,2.0,2.0,4.0,3.0,1.0,6.0,8.0,7.0,8.0,28.0,1.0,8022.0,0.0,0.0,0.0
MID11109,170.5613771293171,446.8210488963696,100.63083224092732,40.4367466392318,160380,3.0,4.0,3.0,1.0,3.0,3.0,0.0,4.0,1.0,11.0,5.0,2.0,7.0,25.0,0.0,0.0,8019.0,0.0,0.0
MID11110,170.670946591901,446.26502510903333,100.73081537694759,40.557142413706906,152475,3.0,5.0,5.0,2.0,5.0,6.0,0.0,8.0,1.0,9.0,5.0,7.0,9.0,30.0,0.0,0.0,8025.0,0.0,0.0
MID11113,170.94636052861182,445.76720335369595,100.85571035033081,40.51470479241987,152399,2.0,4.0,4.0,1.0,3.0,5.0,0.0,6.0,2.0,4.0,11.0,7.0,3.0,23.0,2.0,0.0,0.0,8021.0,0.0
MID11117,170.38825341150158,446.49763149557174,100.81112584632629,40.48692142696745,160340,2.0,2.0,1.0,1.0,3.0,3.0,0.0,4.0,3.0,4.0,7.0,5.0,6.0,22.0,0.0,0.0,8017.0,0.0,0.0
MID11127,171.17543473382415,445.97783138012807,100.71198707517783,40.51115953995772,160420,7.0,3.0,3.0,0.0,3.0,5.0,0.0,5.0,6.0,7.0,8.0,6.0,5.0,26.0,0.0,0.0,8021.0,0.0,0.0
MID11128,170.90215684026919,447.15467473211993,100.56106796411657,40.66123734487922,160520,6.0,3.0,2.0,1.0,5.0,4.0,0.0,8.0,8.0,12.0,7.0,9.0,7.0,34.0,1.0,0.0,8026.0,0.0,0.0
MID11130,170.81003899975119,445.71342324769273,100.46911180718375,40.32775056747307,152342,3.0,5.0,2.0,1.0,2.0,2.0,0.0,2.0,4.0,6.0,7.0,4.0,8.0,24.0,1.0,0.0,8018.0,0.0,0.0
MID11133,171.10805621029013,446.91173797184535,101.03110196586493,40.40482539055673,160540,4.0,3.0,4.0,2.0,3.0,4.0,4.0,6.0,4.0,7.0,8.0,12.0,6.0,32.0,1.0,0.0,0.0,0.0,8027.0
MID11142,170.79110630765405,446.7919751059588,100.62129962478171,40.5254059037646,144396,1.0,3.0,3.0,0.0,5.0,2.0,0.0,9.0,2.0,8.0,11.0,8.0,3.0,29.0,1.0,0.0,0.0,8022.0,0.0
MID11149,170.35250763862967,444.72828807476657,100.61791525856735,40.40751695576325,144450,0.0,5.0,5.0,1.0,3.0,8.0,0.0,6.0,0.0,10.0,5.0,6.0,7.0,28.0,0.0,0.0,8025.0,0.0,0.0
MID11153,171.07398667248566,445.29875929435406,100.72160106221123,40.35259980551041,144378,3.0,4.0,4.0,0.0,2.0,7.0,0.0,4.0,2.0,10.0,9.0,4.0,4.0,27.0,0.0,0.0,8021.0,0.0,0.0
MID11156,170.89412784431138,446.7008653068873,101.04013165543921,40.308901246257506,152304,1.0,1.0,1.0,5.0,3.0,2.0,5.0,3.0,1.0,7.0,6.0,5.0,9.0,23.0,4.0,0.0,0.0,0.0,8016.0
MID11158,170.62422423412102,445.50964987546826,101.6651428443339,40.45990115815691,152570,3.0,5.0,4.0,6.0,4.0,6.0,9.0,8.0,3.0,9.0,10.0,7.0,7.0,33.0,0.0,8030.0,0.0,0.0,0.0
MID11161,170.86313639650916,447.94987654613595,100.73623062967592,40.61121481546144,144360,2.0,2.0,2.0,1.0,4.0,2.0,0.0,8.0,1.0,5.0,10.0,7.0,6.0,28.0,0.0,0.0,8020.0,0.0,0.0
MID11166,170.6684005114127,446.4337687663706,100.56462747037544,40.64902628664098,144306,2.0,2.0,4.0,0.0,5.0,2.0,0.0,5.0,2.0,5.0,9.0,5.0,7.0,24.0,2.0,0.0,8017.0,0.0,0.0
MID11172,170.8049441645888,446.03845683291615,100.8572503466333,40.36598847256867,152380,1.0,3.0,2.0,0.0,2.0,3.0,0.0,3.0,1.0,8.0,7.0,8.0,5.0,28.0,0.0,0.0,8020.0,0.0,0.0
MID11181,170.6705831858409,447.0932976068806,100.70488175121513,40.510383006356804,136391,3.0,4.0,4.0,1.0,3.0,7.0,0.0,5.0,2.0,7.0,8.0,7.0,8.0,30.0,0.0,0.0,0.0,8023.0,0.0
MID11186,170.7589187811565,445.36431635094567,100.45106216849439,40.62973613534396,144432,3.0,4.0,4.0,0.0,4.0,5.0,0.0,8.0,2.0,4.0,6.0,6.0,12.0,28.0,0.0,0.0,8024.0,0.0,0.0
MID11189,170.4004833873376,445.67295300349133,100.89856441674971,40.487138978065786,136408,2.0,2.0,3.0,1.0,4.0,4.0,0.0,7.0,1.0,5.0,10.0,5.0,12.0,32.0,0.0,0.0,0.0,8024.0,0.0
MID11190,170.78592994519173,446.98622410313885,101.39387541728927,40.57419953662174,136476,5.0,6.0,5.0,4.0,4.0,4.0,6.0,7.0,6.0,8.0,5.0,9.0,9.0,31.0,0.0,8028.0,0.0,0.0,0.0
MID11205,170.60951544025943,446.40934070840524,100.45309725243168,40.49382983287597,136306,6.0,2.0,3.0,1.0,2.0,3.0,0.0,3.0,3.0,6.0,4.0,6.0,6.0,22.0,0.0,0.0,0.0,8018.0,0.0
MID11209,171.13529475193175,445.42272692595463,100.61397017327329,40.51266595986044,136374,7.0,1.0,3.0,0.0,5.0,3.0,0.0,9.0,4.0,5.0,8.0,6.0,11.0,30.0,0.0,0.0,8022.0,0.0,0.0
MID11212,170.53434807380663,446.215513352449,100.71820734945761,40.60708008602429,136357,2.0,2.0,2.0,0.0,4.0,2.0,0.0,6.0,2.0,6.0,7.0,7.0,10.0,30.0,0.0,0.0,0.0,8021.0,0.0
MID11215,170.5889675483471,447.3063588895825,100.59249404117304,40.62566293824053,136255,1.0,2.0,2.0,2.0,5.0,1.0,0.0,5.0,1.0,6.0,5.0,7.0,5.0,21.0,2.0,0.0,8015.0,0.0,0.0
MID11228,170.84987711113885,446.7907682300115,100.80310285268781,40.4004633079705,136289,3.0,3.0,4.0,0.0,2.0,3.0,0.0,3.0,2.0,9.0,5.0,2.0,6.0,22.0,0.0,0.0,0.0,8017.0,0.0
MID11233,170.6939786186252,446.26917341977435,100.50337839795529,40.46889333624224,136357,1.0,3.0,2.0,0.0,2.0,3.0,0.0,3.0,2.0,4.0,8.0,7.0,10.0,27.0,2.0,0.0,8021.0,0.0,0.0
MID11236,170.65549336658484,446.846295810473,100.65864280798037,40.528560512468886,136340,4.0,2.0,2.0,0.0,3.0,3.0,0.0,5.0,6.0,6.0,8.0,7.0,7.0,28.0,0.0,0.0,8020.0,0.0,0.0
MID11240,170.88572009724496,447.19104703902127,100.58085068694695,40.446984005734855,136357,5.0,2.0,3.0,0.0,3.0,3.0,0.0,4.0,5.0,9.0,4.0,8.0,8.0,29.0,0.0,0.0,0.0,8021.0,0.0
MID11241,170.8798795239286,446.5342409147551,100.68422862786647,40.50452556954144,128384,3.0,5.0,3.0,2.0,2.0,5.0,0.0,4.0,2.0,11.0,6.0,8.0,5.0,28.0,2.0,0.0,8024.0,0.0,0.0
MID11250,170.63746573923854,447.64981741734215,100.78979601996251,40.572229010604914,128240,2.0,4.0,2.0,2.0,4.0,2.0,3.0,5.0,2.0,8.0,6.0,5.0,3.0,22.0,0.0,0.0,0.0,0.0,8015.0
MID11254,170.61844545454574,446.9762332834508,100.85182712682406,40.47006706073078,136323,3.0,3.0,3.0,1.0,4.0,4.0,0.0,3.0,1.0,4.0,8.0,7.0,8.0,27.0,0.0,0.0,0.0,8019.0,0.0
MID11257,170.7062041521197,446.20262743142155,101.00977076558544,40.55645859351621,136340,2.0,1.0,2.0,2.0,3.0,1.0,3.0,5.0,3.0,7.0,3.0,10.0,7.0,27.0,0.0,0.0,0.0,0.0,8020.0
MID11268,170.55238508728178,445.75205162094784,101.15721581920177,40.524732051122136,136340,3.0,2.0,3.0,3.0,4.0,3.0,6.0,5.0,2.0,7.0,4.0,10.0,5.0,26.0,0.0,8020.0,0.0,0.0,0.0
MID11269,170.72654405533405,446.7539035518447,100.47767087487516,40.641363163010986,128384,3.0,3.0,4.0,1.0,5.0,5.0,0.0,8.0,3.0,7.0,2.0,9.0,12.0,27.0,3.0,0.0,8024.0,0.0,0.0
MID11280,170.53906531554048,447.25441622599163,100.85416199426314,40.30475767273629,136306,0.0,2.0,1.0,1.0,3.0,1.0,0.0,4.0,1.0,5.0,6.0,9.0,8.0,27.0,1.0,0.0,0.0,8018.0,0.0
MID11282,170.8695108145185,447.2295905825116,100.61891250467774,40.54757088187595,128272,2.0,0.0,2.0,1.0,5.0,0.0,0.0,8.0,2.0,4.0,6.0,6.0,11.0,24.0,3.0,0.0,0.0,8017.0,0.0
MID11288,170.35603057356585,447.006534139651,101.61873049750595,40.44096724314226,120300,2.0,2.0,1.0,6.0,3.0,2.0,8.0,4.0,0.0,2.0,10.0,11.0,4.0,27.0,0.0,0.0,0.0,0.0,8020.0
MID11290,170.90015616814244,445.6193373581145,101.12439661594108,40.55337230510163,120255,5.0,3.0,3.0,4.0,4.0,4.0,3.0,5.0,5.0,6.0,9.0,4.0,5.0,24.0,0.0,8017.0,0.0,0.0,0.0
MID11297,170.28883635003808,445.9739430565926,100.58411674270747,40.3617271952131,128352,2.0,4.0,3.0,1.0,4.0,5.0,0.0,5.0,2.0,11.0,4.0,6.0,6.0,27.0,0.0,0.0,8022.0,0.0,0.0
MID11298,170.8182181421452,447.0802993890273,100.83404169576035,40.34789802618453,120300,1.0,1.0,3.0,0.0,3.0,1.0,0.0,5.0,2.0,3.0,9.0,9.0,8.0,29.0,0.0,0.0,8020.0,0.0,0.0
MID11304,170.6923026565221,447.52758922424704,100.51878286230998,40.308474059615996,128288,0.0,2.0,1.0,0.0,2.0,2.0,0.0,3.0,0.0,7.0,9.0,5.0,6.0,27.0,0.0,0.0,0.0,8018.0,0.0
MID11305,170.66918737839748,444.9241411573976,100.60509678722896,40.482250077326114,120270,3.0,3.0,3.0,1.0,5.0,4.0,0.0,6.0,3.0,5.0,4.0,9.0,4.0,22.0,0.0,0.0,8018.0,0.0,0.0
MID11313,170.6947226932669,445.85112917705703,100.89432499750623,40.48173034663357,128320,1.0,3.0,3.0,0.0,4.0,3.0,0.0,6.0,2.0,9.0,5.0,8.0,3.0,25.0,0.0,0.0,8020.0,0.0,0.0
MID11316,170.67515182044883,446.1973105610966,101.09417401496255,40.663071638404055,120300,3.0,1.0,1.0,2.0,4.0,2.0,3.0,6.0,4.0,4.0,5.0,7.0,9.0,25.0,0.0,8020.0,0.0,0.0,0.0
MID11319,170.80718096247392,447.0873139508791,100.68506760129674,40.542686194988114,128336,3.0,3.0,3.0,0.0,5.0,3.0,0.0,7.0,3.0,8.0,9.0,7.0,7.0,27.0,4.0,0.0,8021.0,0.0,0.0
MID11324,170.43294888362243,446.5345895222663,100.7702784807285,40.53139658101534,128272,4.0,5.0,5.0,0.0,4.0,5.0,0.0,4.0,2.0,7.0,3.0,6.0,6.0,22.0,0.0,0.0,8017.0,0.0,0.0
MID11329,170.80358977173523,445.0437261693902,100.7786238243732,40.5679485069229,128272,2.0,3.0,4.0,1.0,4.0,2.0,0.0,7.0,0.0,7.0,3.0,8.0,8.0,26.0,0.0,0.0,8017.0,0.0,0.0
MID11331,170.97232791973073,447.09689416676963,101.22751999501446,40.47381826374164,120345,3.0,2.0,2.0,4.0,4.0,3.0,6.0,7.0,4.0,11.0,4.0,9.0,7.0,31.0,0.0,8023.0,0.0,0.0,0.0
MID11337,170.83123566529443,445.65166285072644,100.86736984536726,40.22535916448429,112266,1.0,8.0,3.0,1.0,0.0,5.0,0.0,0.0,0.0,9.0,6.0,4.0,5.0,24.0,0.0,0.0,8019.0,0.0,0.0
MID11339,170.89934014471055,445.99342426397243,100.87610956961105,40.32725169785445,120240,2.0,2.0,1.0,0.0,0.0,3.0,0.0,0.0,3.0,8.0,4.0,5.0,4.0,21.0,0.0,0.0,8016.0,0.0,0.0
MID11345,170.57446092269313,446.18504102244424,100.81817595012495,40.31642923690763,120300,1.0,5.0,3.0,0.0,0.0,5.0,0.0,0.0,1.0,9.0,7.0,4.0,4.0,24.0,0.0,0.0,0.0,8020.0,0.0
MID11350,170.85131413070602,447.4736036916953,101.188820828137,40.25923192691442,120270,2.0,2.0,4.0,4.0,0.0,3.0,5.0,0.0,4.0,5.0,7.0,4.0,9.0,23.0,2.0,0.0,0.0,0.0,8018.0
MID11354,170.98285600997482,446.6151566458864,100.86051637406463,40.27408772817934,120300,3.0,6.0,4.0,0.0,0.0,4.0,0.0,0.0,5.0,6.0,9.0,3.0,4.0,22.0,0.0,0.0,8020.0,0.0,0.0
MID11357,170.7407109267813,446.5383217412991,100.73393483347884,40.285284728701484,112238,2.0,2.0,1.0,0.0,0.0,1.0,0.0,0.0,3.0,6.0,7.0,6.0,7.0,26.0,0.0,0.0,0.0,8017.0,0.0
MID11358,170.19535336160678,447.15490657353337,100.7867943757016,40.11282897966823,120255,2.0,2.0,1.0,1.0,0.0,2.0,0.0,0.0,0.0,4.0,10.0,6.0,3.0,23.0,0.0,0.0,0.0,8017.0,0.0
MID11361,171.1958488279301,446.2980502618457,100.84150155486266,40.296470662094656,112280,4.0,2.0,2.0,3.0,0.0,4.0,4.0,0.0,4.0,8.0,3.0,9.0,6.0,26.0,0.0,0.0,0.0,0.0,8020.0
MID11365,170.62575957605978,446.0980263715717,100.61352448254348,40.32644004114713,120300,1.0,3.0,3.0,0.0,0.0,2.0,0.0,0.0,2.0,7.0,6.0,10.0,5.0,28.0,0.0,0.0,8020.0,0.0,0.0
MID11368,170.9007699052139,444.6463974557249,100.72202397730085,40.39500164754288,112252,4.0,5.0,4.0,0.0,0.0,5.0,0.0,0.0,4.0,7.0,3.0,7.0,7.0,22.0,2.0,0.0,0.0,8018.0,0.0
MID11369,170.38404485596746,445.14607194163705,100.85821790871697,40.12968039156984,120285,1.0,6.0,4.0,1.0,1.0,5.0,0.0,0.0,1.0,8.0,5.0,3.0,7.0,22.0,1.0,0.0,8019.0,0.0,0.0
MID11370,170.77805130282945,445.8625570377764,101.05324314798654,40.355311962348786,112294,3.0,3.0,2.0,3.0,0.0,5.0,4.0,0.0,2.0,9.0,8.0,7.0,3.0,23.0,4.0,8021.0,0.0,0.0,0.0
MID11371,170.89638141912903,448.333954807333,100.59475284449421,40.17079795735131,112266,4.0,2.0,2.0,1.0,0.0,2.0,0.0,0.0,2.0,6.0,5.0,8.0,7.0,26.0,0.0,0.0,8019.0,0.0,0.0
MID11376,170.62701086576834,447.13747919161773,101.3487204216568,40.41755616516977,120240,1.0,0.0,1.0,4.0,2.0,0.0,6.0,0.0,2.0,7.0,7.0,6.0,6.0,23.0,3.0,8016.0,0.0,0.0,0.0
MID11379,170.79631607031482,446.16549910235864,100.7390770801649,40.36219829821714,112294,3.0,3.0,3.0,0.0,0.0,5.0,0.0,0.0,5.0,11.0,7.0,5.0,5.0,28.0,0.0,0.0,0.0,8021.0,0.0
MID11388,170.37639007862234,447.170536852616,100.75045088106774,40.273060489205044,112182,0.0,1.0,1.0,1.0,0.0,1.0,0.0,0.0,0.0,4.0,8.0,10.0,1.0,22.0,1.0,0.0,8013.0,0.0,0.0
MID11391,170.95231008853997,445.72297365008086,100.44109569522408,40.25093347300182,112266,4.0,4.0,5.0,0.0,0.0,6.0,0.0,0.0,3.0,4.0,10.0,7.0,4.0,25.0,0.0,0.0,8019.0,0.0,0.0
MID11393,170.57991139508744,445.3872594439594,100.72982179528753,40.17282126542818,104273,2.0,4.0,3.0,1.0,0.0,5.0,0.0,0.0,1.0,4.0,8.0,6.0,11.0,28.0,1.0,0.0,8021.0,0.0,0.0
MID11402,170.68418174335912,445.93628366379846,100.94985145529377,40.195704031674744,104247,3.0,3.0,4.0,0.0,0.0,5.0,0.0,0.0,4.0,8.0,5.0,5.0,7.0,21.0,4.0,0.0,0.0,8019.0,0.0
MID11408,170.39366289598362,446.3593786230978,100.59418225991554,40.234554613370065,112252,2.0,2.0,2.0,2.0,0.0,4.0,0.0,0.0,1.0,4.0,9.0,4.0,9.0,23.0,3.0,0.0,8018.0,0.0,0.0
MID11409,170.83594921407223,445.55813884730514,100.51547499875235,40.214032062125774,104208,2.0,3.0,4.0,0.0,0.0,4.0,0.0,0.0,2.0,5.0,6.0,9.0,5.0,23.0,2.0,0.0,0.0,8016.0,0.0
MID11412,170.97983186182833,447.5935108118258,101.34467670158365,40.30999012844479,112266,4.0,1.0,1.0,5.0,1.0,1.0,9.0,0.0,3.0,3.0,7.0,9.0,9.0,28.0,0.0,0.0,0.0,0.0,8019.0
MID11414,170.84098454919567,446.0562015712696,101.25933673899499,40.31005591220853,112266,4.0,1.0,1.0,3.0,0.0,2.0,4.0,0.0,4.0,5.0,4.0,8.0,10.0,27.0,0.0,0.0,0.0,0.0,8019.0
MID11418,171.1005901134525,447.2746293230253,100.76049531479869,40.297129654656345,104273,4.0,3.0,3.0,0.0,0.0,5.0,0.0,0.0,6.0,7.0,7.0,5.0,8.0,27.0,0.0,0.0,8021.0,0.0,0.0
MID11427,170.99818753742414,446.2689834580826,100.82237631237571,40.33482890469054,96192,2.0,2.0,2.0,1.0,0.0,3.0,0.0,0.0,3.0,3.0,8.0,6.0,6.0,23.0,0.0,0.0,8016.0,0.0,0.0
MID11432,170.74877374454834,445.26056016199476,100.76412017943923,40.177059671028125,96300,4.0,4.0,4.0,0.0,0.0,6.0,0.0,0.0,2.0,7.0,10.0,9.0,5.0,31.0,0.0,0.0,8025.0,0.0,0.0
MID11437,170.68592388078284,446.8491563786005,100.58472258885152,40.270561712183515,104247,1.0,3.0,2.0,1.0,1.0,2.0,0.0,0.0,2.0,7.0,7.0,7.0,8.0,26.0,3.0,0.0,8019.0,0.0,0.0
MID11439,170.781317024196,446.68106314542325,100.83190233474697,40.18042162384634,104234,4.0,4.0,3.0,0.0,0.0,4.0,0.0,0.0,3.0,6.0,5.0,5.0,8.0,24.0,0.0,0.0,8018.0,0.0,0.0
MID11452,171.00572524866035,444.78409740745246,100.72480236071327,40.281996013959784,96276,1.0,4.0,4.0,0.0,0.0,6.0,0.0,0.0,3.0,7.0,7.0,9.0,6.0,25.0,4.0,0.0,8023.0,0.0,0.0
MID11456,170.72135198204998,447.4713162303671,101.6485332161556,40.253268930441195,104286,2.0,1.0,2.0,5.0,0.0,2.0,6.0,0.0,3.0,4.0,9.0,6.0,11.0,28.0,2.0,0.0,0.0,0.0,8022.0
MID11461,171.16099511343756,448.3272149089999,100.77287888805736,40.28680192969341,96264,2.0,2.0,2.0,0.0,0.0,2.0,0.0,0.0,4.0,10.0,9.0,7.0,7.0,33.0,0.0,0.0,0.0,8022.0,0.0
MID11463,170.38179852831075,445.88463556996635,100.59654455724582,40.253622271139854,88198,0.0,5.0,5.0,0.0,0.0,5.0,0.0,0.0,0.0,6.0,5.0,9.0,6.0,26.0,0.0,0.0,8018.0,0.0,0.0
MID11466,170.64394373519536,447.02734585463094,100.80623727714739,40.121974670240725,88231,4.0,3.0,2.0,0.0,0.0,3.0,0.0,0.0,3.0,9.0,9.0,4.0,6.0,28.0,0.0,0.0,8021.0,0.0,0.0
MID11471,170.70674985662598,446.6212054980675,101.17695827577634,40.3312259917715,96252,3.0,1.0,2.0,6.0,0.0,1.0,6.0,0.0,2.0,8.0,8.0,6.0,4.0,26.0,0.0,8021.0,0.0,0.0,0.0
MID11481,170.83498355361567,446.8414003491268,100.95883925187033,40.2442783541149,96240,1.0,3.0,4.0,2.0,0.0,3.0,4.0,0.0,1.0,10.0,7.0,4.0,6.0,27.0,0.0,0.0,0.0,0.0,8020.0
MID11483,170.8386731996018,446.5818343508604,101.11863947794656,40.2611015748816,88286,2.0,3.0,3.0,3.0,0.0,3.0,3.0,0.0,2.0,11.0,6.0,6.0,11.0,33.0,1.0,8026.0,0.0,0.0,0.0
MID11491,170.84840037411217,448.4650371367983,100.80469947125631,40.36270215488214,88209,4.0,0.0,0.0,0.0,0.0,0.0,0.0,0.0,4.0,3.0,11.0,8.0,7.0,29.0,0.0,0.0,8019.0,0.0,0.0
MID11493,170.48280791671812,445.24724720109805,100.68718529983747,40.381532275277415,96252,1.0,4.0,4.0,0.0,0.0,7.0,0.0,0.0,0.0,7.0,7.0,6.0,8.0,28.0,0.0,0.0,0.0,8021.0,0.0
MID11495,171.12372955480689,444.49618599575854,100.62386606684113,40.27775169347791,96228,3.0,6.0,5.0,0.0,0.0,7.0,0.0,0.0,2.0,8.0,4.0,3.0,6.0,19.0,2.0,0.0,8019.0,0.0,0.0
MID11496,170.79651182192327,447.2005334705069,101.50710157500916,40.29840453049004,88209,6.0,1.0,1.0,6.0,0.0,1.0,7.0,0.0,6.0,2.0,8.0,9.0,8.0,25.0,2.0,8019.0,0.0,0.0,0.0
MID11498,170.69364158144148,446.80604146919285,100.7124836991767,40.18293385507598,88198,1.0,1.0,2.0,1.0,0.0,1.0,0.0,0.0,1.0,2.0,8.0,10.0,9.0,28.0,1.0,0.0,0.0,8018.0,0.0
MID11505,171.23473209029635,447.0285329882747,100.86111234597156,40.263340674732,96216,2.0,1.0,1.0,1.0,0.0,1.0,0.0,0.0,3.0,5.0,7.0,8.0,8.0,28.0,0.0,0.0,8018.0,0.0,0.0
MID11506,170.65228694513726,446.6154284413976,100.86416125436448,40.28564052493763,96240,3.0,2.0,3.0,1.0,0.0,3.0,0.0,0.0,4.0,9.0,8.0,8.0,4.0,29.0,0.0,0.0,0.0,8020.0,0.0
MID11514,170.9757167144812,446.8713525009349,100.92162807409262,40.25082959960067,88187,1.0,3.0,2.0,0.0,0.0,4.0,0.0,0.0,3.0,3.0,8.0,5.0,5.0,21.0,0.0,0.0,8017.0,0.0,0.0
MID11521,170.9837761340978,447.4231952392819,100.74235889082749,40.16391065179457,88264,4.0,4.0,3.0,2.0,0.0,5.0,0.0,0.0,6.0,5.0,9.0,4.0,7.0,25.0,0.0,0.0,0.0,8024.0,0.0
MID11523,170.79964871506976,446.9453620509005,100.83839123877262,40.233701373503116,80160,1.0,2.0,2.0,0.0,0.0,2.0,0.0,0.0,3.0,7.0,5.0,3.0,10.0,25.0,0.0,0.0,8016.0,0.0,0.0
MID11525,170.82471653366477,447.19259053615883,100.83284295511197,40.17817174812965,88220,5.0,2.0,1.0,0.0,0.0,1.0,0.0,0.0,7.0,5.0,5.0,8.0,10.0,28.0,0.0,0.0,8020.0,0.0,0.0
MID11533,170.7609945747068,446.73269816662554,101.298599728112,40.208384653280184,80180,3.0,1.0,2.0,3.0,0.0,2.0,5.0,0.0,5.0,8.0,5.0,4.0,8.0,25.0,0.0,8018.0,0.0,0.0,0.0
MID11534,170.7999571339558,445.2584976573205,100.78251704299059,40.29461655700925,80250,3.0,5.0,6.0,0.0,0.0,7.0,0.0,0.0,5.0,10.0,7.0,7.0,7.0,29.0,2.0,0.0,8025.0,0.0,0.0
MID11540,171.206140119686,445.68189291858994,100.73459392220425,40.25702556165064,88231,4.0,4.0,5.0,0.0,0.0,5.0,0.0,0.0,6.0,7.0,4.0,10.0,6.0,27.0,0.0,0.0,8021.0,0.0,0.0
MID11543,170.7758169827804,448.24474127776494,100.20761614424768,40.30426765660093,88154,2.0,2.0,2.0,0.0,1.0,1.0,0.0,0.0,3.0,3.0,6.0,5.0,4.0,16.0,2.0,0.0,0.0,8014.0,0.0
MID11544,171.1390095535052,446.9669918308791,100.8203837340983,40.25604958094284,88198,3.0,2.0,2.0,1.0,0.0,3.0,0.0,0.0,3.0,6.0,6.0,5.0,8.0,23.0,2.0,0.0,0.0,8018.0,0.0
MID11553,170.539237133592,447.38568303604643,101.5765298191344,40.33858500187096,88187,2.0,1.0,5.0,4.0,0.0,2.0,5.0,0.0,1.0,6.0,7.0,5.0,7.0,25.0,0.0,8017.0,0.0,0.0,0.0
MID11557,170.8966934505981,447.7249462325348,101.44207862400262,40.2737944111776,80160,2.0,3.0,2.0,6.0,0.0,3.0,7.0,0.0,1.0,8.0,7.0,4.0,5.0,24.0,0.0,8016.0,0.0,0.0,0.0
MID11559,170.9204752119701,446.36363526184493,100.73787079426434,40.3005961321696,88220,3.0,2.0,2.0,0.0,0.0,4.0,0.0,0.0,3.0,7.0,5.0,12.0,5.0,29.0,0.0,0.0,8020.0,0.0,0.0
MID11560,170.72854276807942,447.3107598503741,100.51620786533664,40.388527995012254,88220,3.0,2.0,4.0,1.0,0.0,1.0,0.0,0.0,5.0,7.0,7.0,7.0,8.0,29.0,0.0,0.0,0.0,8020.0,0.0
MID11564,170.8587531628198,447.24404455396206,100.55873241671887,40.519182188396705,72135,4.0,2.0,2.0,1.0,1.0,3.0,0.0,0.0,2.0,5.0,9.0,6.0,3.0,23.0,0.0,0.0,8015.0,0.0,0.0
MID11570,170.67194786783102,446.90336357855216,101.47336691895207,40.43914878304238,72180,2.0,2.0,3.0,4.0,0.0,3.0,7.0,0.0,2.0,6.0,8.0,8.0,7.0,24.0,5.0,8020.0,0.0,0.0,0.0
MID11575,170.7271835059259,447.9612726637542,100.77339199376159,40.197261000624,72135,4.0,3.0,3.0,1.0,0.0,2.0,0.0,0.0,3.0,3.0,5.0,5.0,5.0,17.0,1.0,0.0,0.0,8015.0,0.0
MID11579,170.6777745200695,447.2383695213167,100.58331533782072,40.27503492894529,72198,2.0,4.0,4.0,1.0,0.0,6.0,0.0,0.0,2.0,7.0,8.0,5.0,7.0,27.0,0.0,0.0,0.0,8022.0,0.0
MID11586,170.9209582990399,446.5269472128684,101.05546710811842,40.34559936899857,80190,4.0,3.0,2.0,3.0,1.0,4.0,6.0,0.0,3.0,8.0,5.0,6.0,9.0,24.0,4.0,8019.0,0.0,0.0,0.0
MID11590,170.6286530131006,446.94083620711194,100.76884757829065,40.316269706799886,80150,1.0,2.0,2.0,2.0,1.0,2.0,0.0,0.0,0.0,7.0,6.0,4.0,3.0,20.0,0.0,0.0,8015.0,0.0,0.0
MID11593,170.73037089570843,446.03615389221545,100.86352843937132,40.35498737400195,72144,5.0,4.0,7.0,0.0,0.0,4.0,0.0,0.0,4.0,2.0,5.0,7.0,10.0,24.0,0.0,0.0,8016.0,0.0,0.0
MID11594,170.77986842433242,447.8374314634758,100.71867080653186,40.07369317377221,72198,4.0,2.0,2.0,1.0,0.0,3.0,0.0,0.0,3.0,8.0,9.0,6.0,7.0,30.0,0.0,0.0,0.0,8022.0,0.0
MID11597,171.06822818113855,446.6572852794411,100.90738863647736,40.33439801896207,72144,3.0,1.0,1.0,0.0,0.0,2.0,0.0,0.0,4.0,7.0,5.0,6.0,5.0,23.0,0.0,0.0,0.0,8016.0,0.0
MID11605,170.69340190796873,447.17455910961525,100.6722476805089,40.32603740990133,72171,2.0,3.0,3.0,0.0,0.0,5.0,0.0,0.0,2.0,8.0,7.0,5.0,6.0,26.0,0.0,0.0,0.0,8019.0,0.0
MID11611,170.7981842545223,447.6577973050538,101.22877749469795,40.4177875870244,80150,3.0,2.0,2.0,4.0,0.0,3.0,4.0,0.0,2.0,4.0,10.0,4.0,4.0,21.0,1.0,0.0,0.0,0.0,8015.0
MID11614,170.9462589078672,445.6346490088499,100.63819765989267,40.31634862361319,72189,4.0,3.0,3.0,1.0,0.0,5.0,0.0,0.0,4.0,6.0,10.0,5.0,8.0,24.0,5.0,0.0,0.0,8021.0,0.0
MID11615,170.47436820448908,445.0983430423923,100.5263051770571,40.23114567955126,64160,0.0,6.0,5.0,2.0,0.0,6.0,0.0,0.0,0.0,7.0,7.0,6.0,3.0,23.0,0.0,0.0,8020.0,0.0,0.0
MID11617,170.52926538221803,447.7713112482847,101.36457919815459,40.26841316872439,72171,3.0,2.0,3.0,6.0,0.0,3.0,6.0,0.0,3.0,7.0,8.0,6.0,7.0,28.0,0.0,0.0,0.0,0.0,8019.0
MID11628,170.50798276378183,447.0804362683952,100.6993352856074,40.29803401721137,72162,3.0,4.0,5.0,0.0,0.0,5.0,0.0,0.0,1.0,6.0,4.0,7.0,6.0,21.0,2.0,0.0,8018.0,0.0,0.0
MID11642,170.7423117720415,446.46775955854906,100.65640588352694,40.16797260381595,72171,4.0,2.0,3.0,1.0,1.0,2.0,0.0,0.0,5.0,6.0,6.0,8.0,5.0,24.0,1.0,0.0,0.0,8019.0,0.0
MID11651,170.7317784592375,445.76393922961796,100.74940870107235,40.29165748940403,72198,1.0,4.0,2.0,1.0,0.0,3.0,0.0,0.0,2.0,8.0,6.0,8.0,9.0,28.0,3.0,0.0,8022.0,0.0,0.0
MID11655,170.77868843995523,446.5923817807718,100.66287306023202,40.245905513156174,72171,2.0,2.0,3.0,1.0,0.0,4.0,0.0,0.0,3.0,7.0,5.0,6.0,8.0,25.0,1.0,0.0,0.0,8019.0,0.0
MID11657,170.56924223524996,445.9140103779477,100.71637780965449,40.24705472246489,72153,2.0,3.0,2.0,1.0,0.0,2.0,0.0,0.0,2.0,9.0,7.0,5.0,6.0,25.0,2.0,0.0,8017.0,0.0,0.0
MID11658,171.02508716477436,447.7322147311955,101.30981184108762,40.24187084570282,64136,2.0,3.0,2.0,5.0,0.0,3.0,6.0,0.0,3.0,8.0,7.0,5.0,6.0,25.0,1.0,8017.0,0.0,0.0,0.0
MID11661,170.8019893280131,447.35874585462994,100.75647549058718,40.30274100112216,72189,2.0,3.0,2.0,0.0,0.0,4.0,0.0,0.0,2.0,6.0,9.0,6.0,8.0,29.0,0.0,0.0,8021.0,0.0,0.0
MID11662,170.71426771378725,445.09749286961,100.57590566940962,40.314631105709225,72198,1.0,5.0,4.0,0.0,0.0,8.0,0.0,0.0,1.0,7.0,5.0,6.0,9.0,25.0,2.0,0.0,8022.0,0.0,0.0
MID11663,170.2536566583545,446.2531123192034,100.71926521446392,40.392005157107285,64160,1.0,5.0,5.0,0.0,0.0,6.0,0.0,0.0,0.0,9.0,7.0,3.0,7.0,23.0,3.0,0.0,8020.0,0.0,0.0
MID11667,170.96745193314996,446.19886827138896,100.76348178473434,40.27597685333004,64144,4.0,2.0,3.0,0.0,0.0,4.0,0.0,0.0,3.0,6.0,4.0,7.0,8.0,25.0,0.0,0.0,8018.0,0.0,0.0
MID11672,170.4766307586721,448.34906013226794,100.58396086723229,40.25152409283735,64112,3.0,1.0,1.0,0.0,0.0,1.0,0.0,0.0,1.0,2.0,7.0,2.0,8.0,19.0,0.0,0.0,0.0,8014.0,0.0
MID11673,170.72874020708593,446.5733876122758,100.47479368512926,40.17756272455091,64128,1.0,3.0,3.0,0.0,0.0,3.0,0.0,0.0,0.0,4.0,8.0,8.0,3.0,23.0,0.0,0.0,0.0,8016.0,0.0
MID11675,170.87165344311347,447.00663651446916,100.31027389845318,40.216449121756405,64128,2.0,1.0,1.0,0.0,0.0,2.0,0.0,0.0,3.0,6.0,5.0,8.0,6.0,22.0,3.0,0.0,0.0,8016.0,0.0
MID11676,170.66521954109055,447.635347325103,101.36108980670932,40.323062198528454,56133,2.0,2.0,2.0,5.0,1.0,3.0,6.0,0.0,1.0,7.0,7.0,5.0,7.0,26.0,0.0,8019.0,0.0,0.0,0.0
MID11677,170.6739079436342,446.5967501932919,100.78075639481256,40.44756959595966,56133,2.0,3.0,3.0,0.0,0.0,4.0,0.0,0.0,2.0,4.0,9.0,6.0,6.0,25.0,0.0,0.0,8019.0,0.0,0.0
MID11678,171.01658149488392,446.9479352258556,101.37372060269534,40.32245977664091,64112,3.0,1.0,0.0,6.0,0.0,0.0,7.0,0.0,2.0,4.0,6.0,10.0,3.0,22.0,1.0,8014.0,0.0,0.0,0.0
MID11679,170.56208542732358,446.252616344353,100.53946602245813,40.36353991765435,56105,2.0,2.0,2.0,2.0,0.0,2.0,0.0,0.0,2.0,6.0,7.0,2.0,8.0,23.0,0.0,0.0,0.0,8015.0,0.0
MID11696,170.87289498878158,446.774090376464,101.41952470705574,40.40191906631764,64176,2.0,3.0,3.0,3.0,0.0,5.0,5.0,0.0,3.0,9.0,7.0,8.0,4.0,27.0,1.0,8022.0,0.0,0.0,0.0
MID11697,170.68714613369931,447.35952212521624,101.56315894113227,40.281145587428284,64144,3.0,3.0,2.0,4.0,0.0,3.0,6.0,0.0,4.0,4.0,9.0,4.0,6.0,23.0,0.0,8018.0,0.0,0.0,0.0
MID11701,170.76982289562278,446.74771417882613,100.94915356528284,40.233039523631355,64152,2.0,3.0,2.0,2.0,1.0,3.0,0.0,0.0,2.0,4.0,9.0,6.0,9.0,28.0,0.0,0.0,0.0,8019.0,0.0
MID11704,170.66814048628416,446.0114037032393,100.71217898503735,40.40457903241915,64160,1.0,3.0,4.0,0.0,0.0,4.0,0.0,0.0,2.0,7.0,4.0,7.0,8.0,26.0,0.0,0.0,0.0,8020.0,0.0
MID11711,170.4606054856005,446.93196951751764,101.01412317416823,40.24469495823462,64168,2.0,2.0,2.0,4.0,0.0,2.0,5.0,0.0,3.0,4.0,9.0,7.0,5.0,25.0,0.0,8021.0,0.0,0.0,0.0
MID11715,170.7533223566081,444.71860041146977,101.35143991521245,40.31945267581048,56140,3.0,5.0,5.0,5.0,1.0,4.0,6.0,0.0,3.0,6.0,7.0,5.0,7.0,25.0,0.0,0.0,0.0,0.0,8020.0
MID11716,170.73792285927973,447.0698776143603,100.83185351614142,40.28012747974563,48138,5.0,3.0,4.0,1.0,0.0,5.0,0.0,0.0,4.0,9.0,6.0,9.0,5.0,27.0,2.0,0.0,0.0,8023.0,0.0
MID11728,171.02839222042167,447.5916708390472,100.90674189128572,40.29246166064085,48126,1.0,3.0,2.0,0.0,0.0,3.0,0.0,0.0,2.0,4.0,6.0,7.0,13.0,30.0,0.0,0.0,0.0,8021.0,0.0
MID11740,170.8813990024932,445.92745211970134,101.07943622443862,40.29894443017455,56140,3.0,3.0,3.0,5.0,1.0,5.0,5.0,0.0,3.0,8.0,3.0,10.0,5.0,24.0,2.0,0.0,0.0,0.0,8020.0
MID11742,170.71062282080044,447.2186247786523,100.8592304065338,40.358310740740954,48114,1.0,1.0,0.0,1.0,0.0,0.0,0.0,0.0,1.0,3.0,7.0,10.0,11.0,31.0,0.0,0.0,0.0,8019.0,0.0
MID11746,170.99194699576117,446.210625492395,101.36453024308145,40.22866082398399,48132,2.0,2.0,2.0,4.0,0.0,3.0,6.0,0.0,2.0,8.0,9.0,6.0,6.0,29.0,0.0,8022.0,0.0,0.0,0.0
MID11747,171.1142206999624,445.8824007722014,100.73679745547376,40.242676988416875,56203,4.0,5.0,4.0,1.0,1.0,8.0,0.0,0.0,5.0,9.0,7.0,7.0,10.0,33.0,0.0,0.0,0.0,8029.0,0.0
MID11749,170.68958262875623,446.58053965581826,100.53682348547152,40.16303496820046,48114,2.0,4.0,2.0,1.0,0.0,2.0,0.0,0.0,2.0,5.0,10.0,6.0,7.0,25.0,3.0,0.0,8019.0,0.0,0.0
MID11755,170.6729826867904,446.8220859548461,100.96571386054647,40.21927674566553,48102,3.0,1.0,2.0,3.0,0.0,1.0,4.0,0.0,3.0,5.0,4.0,11.0,5.0,25.0,0.0,8017.0,0.0,0.0,0.0
MID11756,170.71544408427852,447.16904760005025,100.44160137514027,40.13609598055104,48126,2.0,5.0,4.0,1.0,0.0,5.0,0.0,0.0,3.0,7.0,7.0,6.0,6.0,26.0,0.0,0.0,8021.0,0.0,0.0
MID11760,170.47695013093943,447.5372380596079,101.06857030801788,40.3218061291933,40095,0.0,2.0,3.0,3.0,0.0,3.0,3.0,0.0,0.0,9.0,6.0,7.0,4.0,26.0,0.0,8019.0,0.0,0.0,0.0
MID11765,170.59493253928753,447.38957745073435,100.67175008231489,40.3255744961337,40090,2.0,1.0,1.0,0.0,1.0,2.0,0.0,0.0,1.0,6.0,5.0,7.0,6.0,24.0,0.0,0.0,0.0,8018.0,0.0
MID11772,170.38000445137115,446.1853197755608,100.7053335511224,40.271104096009786,48120,2.0,2.0,4.0,0.0,0.0,3.0,0.0,0.0,3.0,5.0,9.0,9.0,4.0,27.0,0.0,0.0,8020.0,0.0,0.0
MID11775,170.99637169576033,444.9536018952637,101.14684110723175,40.388006528678325,48120,3.0,4.0,4.0,3.0,1.0,4.0,4.0,0.0,5.0,8.0,6.0,5.0,7.0,24.0,2.0,8020.0,0.0,0.0,0.0
MID11784,170.8771006609295,445.1390565157764,100.7691946389825,40.22012475246306,40095,4.0,5.0,7.0,2.0,0.0,6.0,0.0,0.0,2.0,6.0,8.0,4.0,3.0,21.0,0.0,0.0,8019.0,0.0,0.0
MID11790,170.7845780728005,446.54083332086765,100.83366236225355,40.28759839316875,48132,2.0,5.0,3.0,1.0,0.0,5.0,0.0,0.0,1.0,7.0,9.0,8.0,4.0,24.0,4.0,0.0,0.0,8022.0,0.0
MID11795,171.19917145885285,446.22429041147205,101.42766705361599,40.28869280049877,48120,5.0,4.0,2.0,7.0,0.0,3.0,7.0,0.0,4.0,8.0,7.0,6.0,6.0,25.0,2.0,8020.0,0.0,0.0,0.0
MID11797,171.07139983788556,446.3484106746478,100.81793879785505,40.28132388701839,48114,5.0,2.0,2.0,1.0,0.0,2.0,0.0,0.0,3.0,5.0,10.0,9.0,3.0,27.0,0.0,0.0,8019.0,0.0,0.0
MID11806,170.6684658062102,446.57726043147426,100.63092445566718,40.35924630003742,32076,3.0,2.0,2.0,3.0,0.0,3.0,0.0,0.0,3.0,6.0,3.0,9.0,9.0,27.0,0.0,0.0,8019.0,0.0,0.0
MID11815,171.08562811370092,446.2183660391481,100.64197333125512,40.2570018501434,40105,3.0,5.0,4.0,1.0,0.0,3.0,0.0,0.0,3.0,7.0,7.0,6.0,7.0,27.0,0.0,0.0,8021.0,0.0,0.0
MID11818,170.91235653745554,445.0076553782885,100.75396435248632,40.0958907578213,40115,1.0,5.0,6.0,0.0,0.0,8.0,0.0,0.0,1.0,7.0,9.0,6.0,6.0,28.0,0.0,0.0,8023.0,0.0,0.0
MID11823,171.18547133591161,446.90991295995883,100.7861674404389,40.272855752775335,40085,5.0,1.0,1.0,0.0,0.0,1.0,0.0,0.0,4.0,4.0,5.0,8.0,9.0,25.0,1.0,0.0,0.0,8017.0,0.0
MID11828,170.32152465702077,446.1644654527317,100.49592538288857,40.298140769518625,40090,0.0,4.0,5.0,1.0,1.0,6.0,0.0,0.0,0.0,6.0,5.0,6.0,5.0,22.0,0.0,0.0,8018.0,0.0,0.0
MID11838,170.82352765028696,446.82989486156134,100.96829409703172,40.171426842105205,32072,2.0,2.0,2.0,0.0,0.0,3.0,0.0,0.0,1.0,8.0,9.0,5.0,5.0,27.0,0.0,0.0,8018.0,0.0,0.0
MID11849,170.7199996382238,447.89259664421076,100.691233964571,40.228132331586984,32064,3.0,2.0,2.0,0.0,0.0,1.0,0.0,0.0,3.0,5.0,9.0,4.0,7.0,25.0,0.0,0.0,8016.0,0.0,0.0
MID11851,171.00116160723192,445.03695532418874,100.79316866583567,40.31277576932667,32080,3.0,4.0,6.0,0.0,0.0,6.0,0.0,0.0,5.0,8.0,3.0,4.0,7.0,20.0,2.0,0.0,0.0,8020.0,0.0
MID11852,170.59724265769069,446.5736895038658,100.87707242582908,40.24088401770136,32088,1.0,5.0,4.0,1.0,0.0,5.0,0.0,0.0,1.0,8.0,11.0,6.0,5.0,25.0,5.0,0.0,8022.0,0.0,0.0
MID11853,171.0975560349129,445.84358829176915,101.09080291271813,40.36821846633428,24060,3.0,3.0,4.0,2.0,0.0,4.0,3.0,0.0,5.0,7.0,5.0,9.0,6.0,26.0,1.0,0.0,0.0,0.0,8020.0
MID11854,170.36975959860422,445.1531325604597,100.66355542009481,40.28822490276741,24066,2.0,4.0,5.0,1.0,0.0,5.0,0.0,0.0,3.0,8.0,5.0,6.0,9.0,25.0,3.0,0.0,0.0,8022.0,0.0
MID11855,170.72488024691413,446.1300110986401,101.11937667040733,40.3527629417636,32076,2.0,6.0,5.0,5.0,0.0,7.0,6.0,0.0,1.0,9.0,4.0,5.0,7.0,22.0,3.0,8019.0,0.0,0.0,0.0
MID11856,171.17436380643494,446.8281685208269,100.6922482876028,40.2041020915442,32072,3.0,4.0,3.0,0.0,1.0,4.0,0.0,0.0,4.0,13.0,6.0,2.0,5.0,26.0,0.0,0.0,0.0,8018.0,0.0
MID11857,170.81761038782895,445.05828064596585,101.21187977428602,40.26163976805087,32076,3.0,3.0,3.0,2.0,0.0,3.0,3.0,0.0,3.0,7.0,4.0,7.0,5.0,23.0,0.0,8019.0,0.0,0.0,0.0
MID11858,170.82885579393823,447.05574207309326,100.8762046114509,40.32033067481589,24051,3.0,0.0,1.0,0.0,0.0,0.0,0.0,0.0,2.0,3.0,6.0,7.0,10.0,26.0,0.0,0.0,8017.0,0.0,0.0
MID11859,170.88765064854036,446.7995144923924,100.73856310800699,40.337301928161736,24054,3.0,2.0,2.0,0.0,1.0,3.0,0.0,0.0,3.0,6.0,5.0,5.0,8.0,21.0,3.0,0.0,8018.0,0.0,0.0
MID11860,170.72841124548086,445.0068533599303,100.54959312305236,40.331153277646294,32084,2.0,5.0,4.0,0.0,0.0,8.0,0.0,0.0,2.0,7.0,6.0,4.0,10.0,27.0,0.0,0.0,0.0,8021.0,0.0
MID11861,171.17565097843664,446.4854384893432,101.40408368690028,40.27310255016839,32092,3.0,3.0,2.0,4.0,0.0,4.0,6.0,0.0,5.0,8.0,11.0,7.0,5.0,23.0,8.0,8023.0,0.0,0.0,0.0
MID11862,170.47897728179638,445.88948243142136,100.95856284538597,40.34988389775572,32080,1.0,5.0,6.0,0.0,0.0,7.0,0.0,0.0,2.0,9.0,4.0,4.0,6.0,23.0,0.0,0.0,8020.0,0.0,0.0
MID11863,170.74029381237534,446.6468630114781,100.41529923527929,40.40164140968065,32064,1.0,2.0,2.0,0.0,0.0,3.0,0.0,0.0,1.0,5.0,7.0,5.0,5.0,21.0,1.0,0.0,8016.0,0.0,0.0
MID11864,170.84349398777593,447.16036438817525,100.6538822377447,40.4058224086317,24051,3.0,1.0,1.0,1.0,0.0,2.0,0.0,0.0,5.0,10.0,5.0,7.0,4.0,26.0,0.0,0.0,8017.0,0.0,0.0
MID11865,170.86347203939212,446.5737927200215,100.7631940226875,40.26109376340064,32088,1.0,3.0,3.0,0.0,0.0,6.0,0.0,0.0,2.0,8.0,6.0,7.0,7.0,28.0,0.0,0.0,8022.0,0.0,0.0
MID11866,170.52114472994944,446.4253248097777,100.78883980666076,40.33351097293254,24051,1.0,5.0,3.0,0.0,0.0,4.0,0.0,0.0,2.0,8.0,3.0,6.0,5.0,22.0,0.0,0.0,0.0,8017.0,0.0
MID11867,171.09864448185536,446.17601538845287,100.8619479885274,40.262021793240976,32076,3.0,5.0,3.0,4.0,1.0,4.0,4.0,0.0,2.0,7.0,5.0,5.0,5.0,22.0,0.0,0.0,0.0,0.0,8019.0
MID11868,171.1506508035381,446.11377233088473,100.72115906191571,40.27151391055199,24081,4.0,6.0,6.0,1.0,0.0,9.0,0.0,0.0,8.0,8.0,14.0,5.0,7.0,29.0,5.0,0.0,0.0,8027.0,0.0
MID11869,170.83398641575306,445.0021577766716,100.8712712387838,40.33009523928214,32096,3.0,5.0,6.0,0.0,0.0,8.0,0.0,0.0,6.0,8.0,4.0,10.0,5.0,27.0,0.0,0.0,8024.0,0.0,0.0
MID11870,171.0327443710265,447.11003091883936,100.65521096496774,40.36466030918839,24063,5.0,3.0,3.0,1.0,0.0,3.0,0.0,0.0,2.0,5.0,11.0,5.0,8.0,29.0,0.0,0.0,8021.0,0.0,0.0
MID11871,170.5239951502308,445.15363923450917,100.79230650791703,40.29909403191624,32084,4.0,4.0,4.0,1.0,0.0,4.0,0.0,0.0,6.0,7.0,6.0,6.0,6.0,25.0,0.0,0.0,0.0,8021.0,0.0
MID11872,170.40133844619027,446.4357496570649,100.81642857338834,40.37676544955729,24057,1.0,2.0,3.0,0.0,0.0,3.0,0.0,0.0,1.0,9.0,6.0,5.0,8.0,28.0,0.0,0.0,8019.0,0.0,0.0
MID11873,170.65965537251924,445.9953892050406,101.40876771121937,40.252177864719805,24039,3.0,1.0,1.0,5.0,0.0,1.0,5.0,0.0,3.0,3.0,5.0,8.0,7.0,23.0,0.0,8013.0,0.0,0.0,0.0
MID11874,170.9727417134304,445.54884733757376,101.04395213742352,40.349218361391735,24057,1.0,5.0,3.0,4.0,0.0,5.0,4.0,0.0,1.0,8.0,9.0,4.0,4.0,25.0,0.0,8019.0,0.0,0.0,0.0
MID11875,171.30676007974031,445.83255246698275,101.38500360453506,40.46139213057573,32104,4.0,4.0,6.0,6.0,0.0,7.0,5.0,0.0,6.0,10.0,5.0,7.0,6.0,28.0,0.0,8026.0,0.0,0.0,0.0
MID11876,170.9151096009971,446.25997024937476,100.74647135162104,40.27018633915199,24060,3.0,3.0,3.0,0.0,0.0,4.0,0.0,0.0,5.0,8.0,6.0,8.0,4.0,26.0,0.0,0.0,8020.0,0.0,0.0
MID11877,170.52321654398085,446.4134793387412,100.85671406862126,40.298112516531376,32060,2.0,2.0,3.0,0.0,1.0,3.0,0.0,0.0,2.0,5.0,6.0,5.0,5.0,21.0,0.0,0.0,0.0,8015.0,0.0
MID11878,170.77060943890262,445.2558296758118,101.4502814326685,40.15451214463848,32080,1.0,4.0,3.0,5.0,0.0,4.0,7.0,0.0,1.0,10.0,6.0,4.0,6.0,26.0,0.0,0.0,0.0,0.0,8020.0
MID11879,170.87049560987813,446.8487575205767,101.21273703791435,40.18153667373409,24054,2.0,3.0,2.0,4.0,0.0,1.0,7.0,0.0,2.0,8.0,4.0,7.0,6.0,23.0,2.0,8018.0,0.0,0.0,0.0
MID11880,170.67817926221284,445.3527568045849,100.6620850959622,40.28260992896295,24072,1.0,4.0,4.0,0.0,0.0,7.0,0.0,0.0,2.0,9.0,7.0,8.0,6.0,30.0,0.0,0.0,8024.0,0.0,0.0
MID11881,170.79012518398395,448.03429070724707,101.30056636771829,40.28247280528883,32068,3.0,0.0,0.0,6.0,0.0,0.0,8.0,0.0,1.0,7.0,7.0,5.0,8.0,27.0,0.0,8017.0,0.0,0.0,0.0
MID11882,170.70307254364047,447.3772555860334,100.52802806234403,40.34260261346623,24060,5.0,1.0,3.0,0.0,1.0,1.0,0.0,0.0,1.0,12.0,4.0,7.0,6.0,28.0,1.0,0.0,0.0,8020.0,0.0
MID11883,170.61032388078272,446.3363486469625,100.49938458535941,40.2359282778401,24057,1.0,2.0,1.0,0.0,0.0,1.0,0.0,0.0,2.0,5.0,6.0,8.0,6.0,23.0,2.0,0.0,0.0,8019.0,0.0
MID11884,171.0267567419239,446.0021479106905,100.6712066446303,40.26857088187602,16034,4.0,5.0,4.0,1.0,0.0,5.0,0.0,0.0,5.0,4.0,6.0,7.0,9.0,24.0,2.0,0.0,0.0,8017.0,0.0
MID11885,171.42494099464074,445.07363226972313,100.61839533216967,40.311654560638104,24069,3.0,5.0,4.0,1.0,0.0,5.0,0.0,0.0,5.0,9.0,6.0,7.0,9.0,31.0,0.0,0.0,8023.0,0.0,0.0
MID11886,170.75493324607308,446.5536249937681,101.06182297432059,40.247083244827024,24066,1.0,5.0,3.0,5.0,0.0,4.0,6.0,0.0,1.0,8.0,7.0,7.0,7.0,29.0,0.0,0.0,0.0,0.0,8022.0
MID11887,170.87468473434785,447.13006691194767,101.1802025929157,40.12959586804691,16036,1.0,1.0,1.0,3.0,0.0,2.0,4.0,0.0,2.0,6.0,8.0,9.0,4.0,27.0,0.0,8018.0,0.0,0.0,0.0
MID11888,170.85426265120273,447.1168905723905,101.61398338196811,40.34462485347323,24057,3.0,3.0,2.0,6.0,0.0,2.0,10.0,0.0,4.0,5.0,8.0,6.0,5.0,24.0,0.0,8019.0,0.0,0.0,0.0
MID11889,170.78092728179496,446.87813852867896,101.12534390773087,40.2595440274313,24060,1.0,3.0,2.0,4.0,0.0,1.0,6.0,0.0,2.0,6.0,7.0,8.0,7.0,28.0,0.0,8020.0,0.0,0.0,0.0
MID11890,170.3778861027941,447.19942886726506,100.57339247005959,40.45008903443112,16032,4.0,2.0,1.0,0.0,0.0,1.0,0.0,0.0,6.0,4.0,7.0,9.0,6.0,26.0,0.0,0.0,0.0,8016.0,0.0
MID11891,170.79238966937066,446.8229537242681,101.03471615970008,40.33769841172809,24045,2.0,2.0,3.0,2.0,1.0,1.0,2.0,0.0,1.0,9.0,3.0,8.0,4.0,24.0,0.0,0.0,0.0,0.0,8015.0
MID11892,170.43597522639377,446.9687178745172,101.43819341274792,40.31262262068115,24051,1.0,2.0,1.0,4.0,2.0,1.0,4.0,0.0,1.0,6.0,10.0,4.0,6.0,24.0,2.0,8017.0,0.0,0.0,0.0
MID11893,170.77511082294313,447.1511985411444,100.62228713965071,40.244281526184295,24060,4.0,2.0,2.0,0.0,0.0,4.0,0.0,0.0,3.0,8.0,7.0,9.0,4.0,27.0,1.0,0.0,8020.0,0.0,0.0
MID11894,170.5751622335783,446.6059748597792,100.72936132244827,40.31438861024559,24069,3.0,3.0,3.0,0.0,0.0,5.0,0.0,0.0,6.0,11.0,5.0,9.0,6.0,31.0,0.0,0.0,0.0,8023.0,0.0
MID11895,170.51088990768486,446.5976381362255,100.91586794036928,40.22507231037922,24048,2.0,2.0,1.0,0.0,0.0,2.0,0.0,0.0,2.0,7.0,4.0,7.0,7.0,24.0,1.0,0.0,0.0,8016.0,0.0
MID11896,170.73154888972118,446.4265198228538,101.04871903692622,40.39177023078842,24048,1.0,4.0,2.0,2.0,0.0,3.0,0.0,0.0,1.0,4.0,6.0,5.0,7.0,22.0,0.0,0.0,0.0,8016.0,0.0
MID11897,171.05903586482137,446.84957312632474,100.71590944880941,40.36012627883773,16038,4.0,3.0,1.0,0.0,0.0,2.0,0.0,0.0,5.0,9.0,6.0,5.0,7.0,27.0,0.0,0.0,8019.0,0.0,0.0
MID11898,170.80596314738685,446.9379815674529,100.77187610258336,40.29235324847115,16026,3.0,1.0,2.0,0.0,0.0,2.0,0.0,0.0,2.0,5.0,7.0,6.0,4.0,20.0,2.0,0.0,8013.0,0.0,0.0
MID11899,170.60055925925926,446.50697944880886,100.71971411148526,40.298438099513845,24057,3.0,1.0,1.0,0.0,0.0,1.0,0.0,0.0,3.0,5.0,7.0,8.0,5.0,25.0,0.0,0.0,8019.0,0.0,0.0
MID11900,171.1617344393168,445.05749345141805,100.7112035711616,40.136757520269306,24051,3.0,6.0,6.0,0.0,1.0,6.0,0.0,0.0,4.0,5.0,8.0,6.0,4.0,23.0,0.0,0.0,0.0,8017.0,0.0
MID11901,170.7570199526137,446.8130984536718,100.73307845367235,40.17586343434351,16038,4.0,3.0,2.0,1.0,0.0,4.0,0.0,0.0,2.0,4.0,6.0,5.0,9.0,22.0,2.0,0.0,0.0,8019.0,0.0
MID11902,170.82117648965288,445.59705926202906,100.65380803540245,40.36727420468716,16044,1.0,4.0,3.0,0.0,0.0,5.0,0.0,0.0,2.0,9.0,7.0,6.0,6.0,27.0,1.0,0.0,8022.0,0.0,0.0
MID11903,170.656483655164,446.524344263113,101.02582777874692,40.27793256384699,24081,4.0,2.0,2.0,4.0,0.0,4.0,8.0,0.0,3.0,10.0,9.0,6.0,7.0,32.0,0.0,8027.0,0.0,0.0,0.0
MID11904,170.80096778054846,445.91629935162086,100.87630223192032,40.27576052369065,24060,3.0,4.0,3.0,0.0,0.0,4.0,0.0,0.0,3.0,5.0,7.0,11.0,6.0,29.0,0.0,0.0,8020.0,0.0,0.0
MID11905,170.64569158039254,445.8225921042774,100.4667450717223,40.25745917799656,24051,5.0,4.0,4.0,2.0,0.0,4.0,0.0,0.0,5.0,6.0,6.0,7.0,6.0,25.0,0.0,0.0,8017.0,0.0,0.0
MID11906,170.68542975196343,447.4364307864893,101.28788698117907,40.2935099900287,24069,2.0,2.0,2.0,6.0,0.0,3.0,6.0,0.0,4.0,10.0,8.0,7.0,5.0,30.0,0.0,0.0,0.0,0.0,8023.0
MID11907,170.4922441564914,446.3851831298291,101.39919185272888,40.20299255295281,16052,2.0,4.0,4.0,4.0,1.0,8.0,7.0,0.0,0.0,9.0,10.0,8.0,5.0,28.0,4.0,0.0,0.0,0.0,8026.0
MID11908,170.4793812897598,446.40419998752606,100.80271753149596,40.366198588000415,16034,0.0,3.0,2.0,0.0,0.0,3.0,0.0,0.0,0.0,5.0,9.0,5.0,8.0,26.0,1.0,0.0,0.0,8017.0,0.0
MID11909,170.49908881545994,447.85483386533645,100.74487363591058,40.13629182294269,16040,1.0,3.0,3.0,0.0,0.0,4.0,0.0,0.0,0.0,7.0,6.0,6.0,8.0,27.0,0.0,0.0,8020.0,0.0,0.0
MID11910,170.64133045267488,446.57837922434106,100.57175501059967,40.206738323980375,24057,1.0,4.0,3.0,2.0,0.0,3.0,0.0,0.0,2.0,6.0,9.0,7.0,6.0,24.0,4.0,0.0,8019.0,0.0,0.0
MID11911,171.13207827766698,446.18303587986026,100.65384529287132,40.26217031281154,24072,2.0,4.0,4.0,1.0,0.0,5.0,0.0,0.0,4.0,7.0,9.0,7.0,6.0,29.0,0.0,0.0,8024.0,0.0,0.0
MID11912,170.81532811174839,447.53565964080724,100.79587808181567,40.21273320404083,24054,3.0,2.0,3.0,1.0,0.0,3.0,0.0,0.0,4.0,8.0,11.0,5.0,3.0,24.0,3.0,0.0,0.0,8018.0,0.0
MID11913,170.81101854114715,447.37458806733173,100.63547303366566,40.29036039526174,24060,2.0,6.0,4.0,1.0,0.0,2.0,0.0,0.0,3.0,7.0,5.0,9.0,7.0,25.0,3.0,0.0,0.0,8020.0,0.0
MID11914,170.9663263991028,445.9722862270978,101.20868284307643,40.31898255764684,24069,1.0,3.0,3.0,4.0,0.0,4.0,5.0,0.0,3.0,8.0,11.0,2.0,8.0,29.0,0.0,8023.0,0.0,0.0,0.0
MID11915,170.81196691185679,446.60902188006594,100.61944748784448,40.1217423949631,16042,4.0,2.0,2.0,0.0,0.0,4.0,0.0,0.0,7.0,9.0,11.0,6.0,5.0,27.0,4.0,0.0,0.0,8021.0,0.0
MID11916,170.82680888694964,446.55397143213236,100.79432878349711,40.20902178736127,16046,4.0,2.0,1.0,1.0,0.0,2.0,0.0,0.0,5.0,8.0,8.0,9.0,6.0,29.0,2.0,0.0,8023.0,0.0,0.0
MID11917,170.67770475240053,446.06367033803207,100.54608883622299,40.31288418236259,24051,2.0,2.0,2.0,0.0,0.0,3.0,0.0,0.0,4.0,7.0,6.0,8.0,4.0,25.0,0.0,0.0,0.0,8017.0,0.0
MID11918,170.91615843313372,446.8425687250506,100.72772458707553,40.2163681337324,16032,3.0,2.0,4.0,0.0,0.0,3.0,0.0,0.0,5.0,7.0,5.0,3.0,4.0,18.0,1.0,0.0,8016.0,0.0,0.0
MID11919,171.24373129132834,448.4595992514064,101.16327107673139,40.33596246163447,24045,1.0,0.0,2.0,3.0,0.0,0.0,5.0,0.0,1.0,4.0,6.0,9.0,8.0,25.0,2.0,0.0,0.0,0.0,8015.0
MID11920,170.7572027445116,446.61478116267534,100.65828222554899,40.172875508982074,24048,0.0,2.0,5.0,2.0,0.0,3.0,0.0,0.0,0.0,4.0,7.0,8.0,6.0,22.0,3.0,0.0,8016.0,0.0,0.0
MID11921,170.75973864571645,446.78152967951024,100.58270927796505,40.205597315126596,24057,1.0,4.0,4.0,0.0,1.0,5.0,0.0,0.0,1.0,6.0,7.0,3.0,11.0,27.0,0.0,0.0,0.0,8019.0,0.0
MID11922,170.5266431333409,446.64574797305863,100.53025370961744,40.19254594361957,16034,5.0,1.0,3.0,0.0,0.0,2.0,0.0,0.0,2.0,4.0,7.0,6.0,8.0,25.0,0.0,0.0,0.0,8017.0,0.0
MID11923,170.77203223635058,446.52139478932776,100.86134368736005,40.32569034530049,24066,3.0,2.0,2.0,1.0,0.0,4.0,0.0,0.0,5.0,6.0,9.0,11.0,5.0,28.0,3.0,0.0,8022.0,0.0,0.0
MID11924,171.01312331464095,447.7683391277263,101.36339130218035,40.26953867663556,16050,4.0,3.0,2.0,5.0,1.0,4.0,7.0,0.0,5.0,7.0,9.0,7.0,8.0,31.0,0.0,8025.0,0.0,0.0,0.0
MID11925,170.52413411896754,445.92842121212107,100.92252854096542,40.335464297293825,24057,1.0,4.0,2.0,2.0,0.0,3.0,5.0,0.0,2.0,8.0,3.0,9.0,7.0,27.0,0.0,8019.0,0.0,0.0,0.0
MID11926,171.16766328388027,446.5321168557536,100.83620643061938,40.151690053609215,16042,4.0,5.0,3.0,0.0,0.0,5.0,0.0,0.0,6.0,6.0,4.0,9.0,10.0,29.0,0.0,0.0,8021.0,0.0,0.0
MID11927,170.89606132087246,446.1596825046723,101.31392739439266,40.356796588162034,16050,2.0,6.0,4.0,4.0,0.0,6.0,8.0,0.0,1.0,9.0,5.0,10.0,7.0,31.0,0.0,8025.0,0.0,0.0,0.0
MID11928,170.93953754990028,447.0852413797403,100.50535800149727,40.23449649575848,24048,1.0,2.0,2.0,1.0,0.0,3.0,0.0,0.0,0.0,4.0,7.0,7.0,6.0,23.0,1.0,0.0,8016.0,0.0,0.0
MID11929,170.62177513398916,445.34240528480734,100.80907198803499,40.27489625825744,16046,1.0,8.0,6.0,0.0,0.0,8.0,0.0,0.0,1.0,9.0,6.0,7.0,5.0,24.0,3.0,0.0,0.0,8023.0,0.0
MID11930,170.73581062344167,445.2432138403994,101.24801187032412,40.33796525311716,16040,3.0,5.0,3.0,2.0,1.0,5.0,2.0,0.0,2.0,4.0,2.0,11.0,10.0,27.0,0.0,0.0,0.0,0.0,8020.0
MID11931,170.82754609150967,446.59047701034814,100.68025296471794,40.29704733449713,16042,4.0,5.0,3.0,0.0,0.0,2.0,0.0,0.0,5.0,8.0,8.0,7.0,5.0,28.0,0.0,0.0,8021.0,0.0,0.0
MID11932,170.3554788653365,445.29882225685776,100.66368630548583,40.311932602244475,24060,2.0,2.0,4.0,0.0,0.0,4.0,0.0,0.0,3.0,8.0,9.0,6.0,5.0,26.0,2.0,0.0,8020.0,0.0,0.0
MID11933,170.94634046372528,445.9324942034406,100.64702737721274,40.35611569309397,24066,3.0,4.0,4.0,0.0,0.0,5.0,0.0,0.0,2.0,6.0,6.0,9.0,9.0,29.0,1.0,0.0,0.0,8022.0,0.0
MID11934,171.06561718418794,445.78560178326364,101.00506956228973,40.36955893253535,16038,6.0,4.0,4.0,2.0,0.0,3.0,4.0,0.0,6.0,9.0,2.0,4.0,10.0,25.0,0.0,8019.0,0.0,0.0,0.0
MID11935,170.70030528546485,446.88821459735834,100.93798166791315,40.26564639242077,24066,1.0,4.0,4.0,0.0,0.0,5.0,0.0,0.0,1.0,7.0,4.0,8.0,11.0,30.0,0.0,0.0,0.0,8022.0,0.0
MID11936,170.36065979561283,446.7911627617149,100.6412882066297,40.27746537637099,24072,0.0,2.0,2.0,1.0,0.0,4.0,0.0,0.0,0.0,4.0,11.0,11.0,9.0,29.0,6.0,0.0,8024.0,0.0,0.0
MID11937,170.53831565304102,445.54070436191296,100.71472405533416,40.32996437562291,24072,1.0,5.0,6.0,1.0,0.0,5.0,0.0,0.0,2.0,10.0,7.0,7.0,8.0,32.0,0.0,0.0,8024.0,0.0,0.0
MID11938,170.8041641993766,445.97314459812935,101.029216317757,40.23160160623049,24075,2.0,4.0,4.0,0.0,0.0,6.0,0.0,0.0,4.0,10.0,7.0,6.0,7.0,30.0,0.0,0.0,8025.0,0.0,0.0
MID11939,170.62406732735025,446.11143885564803,100.4034522176515,40.396280649463854,16044,1.0,5.0,4.0,1.0,1.0,5.0,0.0,0.0,0.0,7.0,8.0,6.0,5.0,26.0,0.0,0.0,8022.0,0.0,0.0
MID11940,170.64316780189608,446.19804311377095,100.9745625998003,40.26427282185631,16032,0.0,4.0,5.0,0.0,0.0,4.0,0.0,0.0,1.0,4.0,6.0,7.0,4.0,19.0,2.0,0.0,0.0,8016.0,0.0
MID11941,171.2186636102803,447.5490162175645,100.83871142465027,40.3257551559381,16032,3.0,1.0,2.0,0.0,0.0,2.0,0.0,0.0,3.0,4.0,8.0,6.0,5.0,21.0,2.0,0.0,8016.0,0.0,0.0
MID11942,170.22602746882797,448.0709241396517,100.68561864962612,40.212049053615885,24060,0.0,1.0,2.0,1.0,0.0,2.0,0.0,0.0,0.0,9.0,5.0,8.0,7.0,27.0,2.0,0.0,8020.0,0.0,0.0
MID11943,170.64409987523376,447.06384737367364,100.67557528883361,40.35819918028712,24045,0.0,4.0,2.0,1.0,1.0,2.0,0.0,0.0,0.0,5.0,6.0,7.0,2.0,20.0,0.0,0.0,8015.0,0.0,0.0
MID11944,170.7575595134122,447.607216069872,100.69877570804708,40.30340112164687,24045,3.0,1.0,2.0,1.0,2.0,0.0,0.0,0.0,5.0,5.0,6.0,4.0,6.0,21.0,0.0,0.0,8015.0,0.0,0.0
MID11945,170.56597588873663,446.42593447673636,101.54050273418984,40.262313493825616,8017,3.0,2.0,2.0,5.0,0.0,2.0,7.0,0.0,1.0,5.0,6.0,6.0,8.0,25.0,0.0,0.0,0.0,0.0,8017.0
MID11946,170.62356257018016,447.91881356206994,100.78420636431714,40.314155003119126,16030,4.0,1.0,1.0,1.0,0.0,1.0,0.0,0.0,2.0,2.0,4.0,7.0,12.0,25.0,0.0,0.0,8015.0,0.0,0.0
MID11947,170.82201157920994,445.62418695001816,101.16359722423002,40.22681903901286,8023,3.0,4.0,4.0,4.0,0.0,4.0,4.0,0.0,5.0,6.0,10.0,5.0,10.0,31.0,0.0,0.0,0.0,0.0,8023.0
MID11948,170.79372315080553,446.42764226019824,100.3681246600969,40.09802419857814,8017,5.0,1.0,2.0,1.0,0.0,2.0,0.0,0.0,5.0,4.0,9.0,8.0,7.0,28.0,0.0,0.0,0.0,8017.0,0.0
MID11949,170.56985574956283,445.4611091793451,100.7432339910205,40.26464767897245,16036,2.0,3.0,4.0,1.0,0.0,4.0,0.0,0.0,4.0,9.0,4.0,4.0,8.0,25.0,0.0,0.0,8018.0,0.0,0.0
MID11950,170.64666143962046,446.71883379491055,100.77631331586832,40.25649448103791,16032,0.0,3.0,3.0,1.0,0.0,3.0,0.0,0.0,0.0,4.0,5.0,8.0,5.0,22.0,0.0,0.0,8016.0,0.0,0.0
MID11951,170.63807231786393,446.5162339945101,100.86181951596811,40.26903029690635,16032,3.0,3.0,2.0,1.0,0.0,4.0,0.0,0.0,1.0,6.0,4.0,5.0,4.0,19.0,0.0,0.0,8016.0,0.0,0.0
MID11952,170.93132527760406,445.59215935121557,100.66861441172784,40.24453158577669,8015,2.0,3.0,2.0,0.0,0.0,4.0,0.0,0.0,2.0,6.0,4.0,6.0,6.0,22.0,0.0,0.0,0.0,8015.0,0.0
MID11953,170.79374638802253,447.3378792763569,100.5515689469743,40.2462634435432,16030,2.0,3.0,3.0,1.0,0.0,1.0,0.0,0.0,1.0,3.0,6.0,4.0,8.0,21.0,0.0,0.0,0.0,8015.0,0.0
MID11954,171.20234039925148,448.2584934373056,100.57931566188411,40.33342316032438,8015,5.0,1.0,1.0,0.0,0.0,1.0,0.0,0.0,5.0,5.0,6.0,7.0,7.0,24.0,1.0,0.0,8015.0,0.0,0.0
MID11955,170.89826678308629,446.3942591243615,100.93456738680314,40.33711582013224,8017,1.0,4.0,4.0,3.0,0.0,4.0,2.0,0.0,2.0,5.0,7.0,6.0,5.0,23.0,0.0,8017.0,0.0,0.0,0.0
MID11956,170.79442157815973,445.206487908252,100.67517705933666,40.21896352405867,16044,2.0,5.0,4.0,0.0,0.0,4.0,0.0,0.0,1.0,10.0,7.0,6.0,4.0,25.0,2.0,0.0,8022.0,0.0,0.0
MID11957,170.82200550916073,446.199416203416,100.55870496073743,40.26553929951396,8023,2.0,5.0,4.0,0.0,0.0,7.0,0.0,0.0,3.0,10.0,6.0,6.0,7.0,29.0,0.0,0.0,8023.0,0.0,0.0
MID11958,170.74487051633693,446.5224497879779,101.29403681840843,40.282648488400966,8018,2.0,3.0,3.0,2.0,0.0,3.0,3.0,0.0,1.0,5.0,8.0,8.0,5.0,26.0,0.0,8018.0,0.0,0.0,0.0
MID11959,171.04813213216966,448.40808905236884,101.18244170074811,40.37420439775555,16040,5.0,1.0,2.0,4.0,0.0,1.0,4.0,0.0,5.0,6.0,5.0,7.0,8.0,24.0,2.0,8020.0,0.0,0.0,0.0
MID11960,170.54833725685864,446.4498487531169,100.6482502231922,40.28906678054861,16040,1.0,4.0,5.0,2.0,0.0,7.0,0.0,0.0,1.0,6.0,7.0,5.0,7.0,24.0,1.0,0.0,8020.0,0.0,0.0
MID11961,170.9431682345609,447.1315906425442,100.64282618714881,40.27399115907667,16030,5.0,1.0,1.0,1.0,0.0,1.0,0.0,0.0,6.0,3.0,6.0,4.0,9.0,22.0,0.0,0.0,8015.0,0.0,0.0
MID11962,170.79995594213727,448.43871183439217,101.17698063100156,40.3639492580122,8019,3.0,0.0,1.0,4.0,0.0,0.0,4.0,0.0,3.0,4.0,10.0,4.0,11.0,27.0,2.0,8019.0,0.0,0.0,0.0
MID11963,170.80675098430078,445.5279483927235,101.48009499377014,40.367166125093476,16052,2.0,3.0,3.0,5.0,0.0,5.0,8.0,0.0,3.0,10.0,7.0,9.0,6.0,28.0,4.0,8026.0,0.0,0.0,0.0
MID11964,170.72947062858566,448.3915228984787,100.79390414442548,40.203520285607404,8018,3.0,4.0,2.0,1.0,1.0,3.0,1.0,0.0,3.0,8.0,1.0,8.0,7.0,24.0,0.0,8018.0,0.0,0.0,0.0
MID11965,170.55806715729113,447.31740210802167,100.76066040663589,40.312505223899294,8017,0.0,3.0,4.0,0.0,0.0,3.0,0.0,0.0,1.0,6.0,7.0,3.0,7.0,23.0,0.0,0.0,8017.0,0.0,0.0
MID11966,170.77130602469768,445.57811460646104,100.68955673194452,40.25622994761146,16034,3.0,2.0,2.0,2.0,0.0,3.0,0.0,0.0,3.0,7.0,10.0,2.0,7.0,23.0,3.0,0.0,8017.0,0.0,0.0
MID11967,170.3134157645304,445.2655282489414,100.76083735220782,40.227036040159604,16036,3.0,5.0,5.0,0.0,0.0,6.0,0.0,0.0,3.0,4.0,7.0,6.0,5.0,22.0,0.0,0.0,0.0,8018.0,0.0
MID11968,170.74101564761654,447.12441114300043,100.71128870351873,40.31574646119299,8014,2.0,2.0,1.0,1.0,0.0,2.0,0.0,0.0,0.0,7.0,4.0,5.0,5.0,21.0,0.0,0.0,0.0,8014.0,0.0
MID11969,170.9596357347274,444.84781870100824,101.35848428144847,40.188008742067815,8037,6.0,5.0,5.0,6.0,1.0,9.0,8.0,0.0,5.0,10.0,11.0,7.0,11.0,39.0,0.0,8037.0,0.0,0.0,0.0
MID11970,170.7022023441389,447.7328608852878,100.7489238840399,40.3281262269327,16040,1.0,3.0,3.0,0.0,0.0,4.0,0.0,0.0,2.0,9.0,4.0,5.0,8.0,26.0,0.0,0.0,0.0,8020.0,0.0
MID11971,170.56743992518696,447.2981188029929,100.6833807144636,40.24343942768077,16040,3.0,3.0,2.0,0.0,0.0,2.0,0.0,0.0,3.0,6.0,8.0,11.0,5.0,30.0,0.0,0.0,0.0,8020.0,0.0
MID11972,170.30467665170704,445.86545976065696,101.01944633258522,40.23360352779853,16044,1.0,5.0,4.0,4.0,0.0,8.0,6.0,0.0,1.0,7.0,6.0,10.0,5.0,28.0,0.0,8022.0,0.0,0.0,0.0
MID11973,170.4036926512791,447.1662639051783,100.63549603493468,40.24686984029928,16030,2.0,2.0,2.0,0.0,0.0,1.0,0.0,0.0,0.0,2.0,7.0,9.0,7.0,21.0,4.0,0.0,8015.0,0.0,0.0
MID11974,170.53540357989226,447.46043123362836,100.53291275664253,40.217543281776074,16034,1.0,1.0,0.0,0.0,0.0,0.0,0.0,0.0,2.0,4.0,9.0,10.0,5.0,27.0,1.0,0.0,8017.0,0.0,0.0
MID11975,170.685008145192,446.8458040663587,100.70118426094504,40.1630307421728,16034,4.0,2.0,4.0,0.0,0.0,3.0,0.0,0.0,2.0,3.0,5.0,7.0,7.0,22.0,0.0,0.0,8017.0,0.0,0.0
MID11976,170.82718061097245,446.422137269326,100.7977754077307,40.18592913466319,8020,4.0,3.0,4.0,2.0,0.0,5.0,0.0,0.0,3.0,5.0,9.0,6.0,5.0,21.0,4.0,0.0,0.0,8020.0,0.0
MID11977,170.76080564355195,447.3435147543028,100.45158920803198,40.27232025193317,8018,2.0,2.0,2.0,1.0,2.0,2.0,0.0,0.0,4.0,6.0,4.0,5.0,8.0,22.0,1.0,0.0,0.0,8018.0,0.0
MID11978,170.57440378957895,446.2838154948902,100.27666740588407,40.25043153079034,16044,2.0,4.0,4.0,0.0,0.0,4.0,0.0,0.0,1.0,9.0,7.0,3.0,10.0,24.0,5.0,0.0,8022.0,0.0,0.0
MID11979,170.9461172030934,448.3487683133754,100.55795568363303,40.3442566030439,8016,6.0,1.0,0.0,0.0,0.0,0.0,0.0,0.0,4.0,7.0,6.0,8.0,6.0,27.0,0.0,0.0,0.0,8016.0,0.0
MID11980,170.26169734182014,448.32555489828815,100.62333526893784,40.36248696867587,8013,1.0,1.0,1.0,0.0,0.0,1.0,0.0,0.0,0.0,2.0,5.0,7.0,9.0,22.0,1.0,0.0,0.0,8013.0,0.0
MID11981,171.0607777043052,447.7338941734238,100.68506287960085,40.181999693075454,8015,3.0,2.0,1.0,0.0,0.0,2.0,0.0,0.0,2.0,3.0,3.0,9.0,9.0,24.0,0.0,0.0,0.0,8015.0,0.0
MID11982,171.11786307980094,447.3293433915217,100.36740837157065,40.21907555985036,8020,3.0,2.0,4.0,1.0,0.0,2.0,0.0,0.0,5.0,11.0,8.0,6.0,4.0,29.0,0.0,0.0,0.0,8020.0,0.0
MID11983,170.4316320404093,447.754991494139,100.45319300698432,40.346320843102944,8018,2.0,1.0,1.0,0.0,0.0,2.0,0.0,0.0,1.0,9.0,6.0,5.0,7.0,27.0,0.0,0.0,0.0,8018.0,0.0
MID11984,170.46213192418003,445.75654690111037,100.87548059359024,40.2611381356778,8019,4.0,3.0,4.0,2.0,0.0,4.0,0.0,0.0,4.0,5.0,10.0,3.0,8.0,22.0,4.0,0.0,0.0,8019.0,0.0
MID11985,170.49356461346582,445.895773017456,100.64137198129654,40.275334043640946,8020,2.0,4.0,5.0,1.0,0.0,5.0,0.0,0.0,3.0,8.0,5.0,6.0,5.0,24.0,0.0,0.0,8020.0,0.0,0.0
MID11986,170.55711119700823,446.0257704114714,100.76583673566115,40.17309554738164,8020,1.0,4.0,3.0,0.0,0.0,4.0,0.0,0.0,2.0,6.0,5.0,6.0,8.0,25.0,0.0,0.0,0.0,8020.0,0.0
MID11987,170.893612724327,446.1308356430704,100.86881178464598,40.31191116899301,16048,4.0,6.0,5.0,2.0,0.0,5.0,4.0,0.0,3.0,8.0,4.0,8.0,10.0,30.0,0.0,0.0,0.0,0.0,8024.0
MID11988,171.0095474058365,445.34373712895996,100.73290131953118,40.33440833374907,16036,3.0,3.0,4.0,1.0,0.0,5.0,0.0,0.0,3.0,3.0,5.0,5.0,10.0,21.0,2.0,0.0,0.0,8018.0,0.0
MID11989,170.6238518148938,447.0899433079691,101.2191967968065,40.212163278034105,8017,4.0,2.0,1.0,4.0,0.0,2.0,5.0,0.0,2.0,9.0,7.0,4.0,4.0,24.0,0.0,0.0,0.0,0.0,8017.0
MID11990,170.76798983663775,447.28358779149477,100.5432308978672,40.24854287691743,16038,3.0,3.0,2.0,1.0,0.0,3.0,0.0,0.0,6.0,5.0,8.0,7.0,7.0,25.0,2.0,0.0,8019.0,0.0,0.0
MID11991,170.72059120728338,447.5567172362205,100.61596349214234,40.34080040284359,8018,2.0,1.0,0.0,0.0,0.0,0.0,0.0,0.0,2.0,2.0,7.0,8.0,11.0,28.0,0.0,0.0,0.0,8018.0,0.0
MID11992,171.12705663131663,446.43414064878317,100.54367656768558,40.294123131628155,16030,3.0,2.0,1.0,1.0,0.0,1.0,0.0,0.0,3.0,3.0,7.0,8.0,4.0,22.0,0.0,0.0,8015.0,0.0,0.0
MID11993,170.77022032692807,446.6562556026946,100.72007444721768,40.14131141876716,16028,2.0,2.0,1.0,0.0,0.0,1.0,0.0,0.0,1.0,3.0,6.0,8.0,3.0,20.0,0.0,0.0,0.0,8014.0,0.0
MID11994,170.4463299788005,447.94492179822953,100.49501106621803,40.36662414141416,16038,3.0,1.0,1.0,1.0,0.0,3.0,0.0,0.0,2.0,4.0,9.0,7.0,8.0,24.0,4.0,0.0,8019.0,0.0,0.0
MID11995,170.95445967078138,446.8777060231933,101.19796331587493,40.263404735004436,16038,3.0,2.0,2.0,3.0,0.0,2.0,4.0,0.0,2.0,7.0,4.0,5.0,10.0,24.0,2.0,8019.0,0.0,0.0,0.0
MID11996,170.5288213724271,447.0652726512796,100.43889957829059,40.352503854023524,8015,4.0,2.0,1.0,1.0,0.0,1.0,0.0,0.0,4.0,6.0,7.0,2.0,8.0,23.0,0.0,0.0,0.0,8015.0,0.0
MID11997,170.63556906869454,445.1110895773598,101.19016492706648,40.26646186011707,8021,0.0,6.0,5.0,3.0,0.0,8.0,4.0,0.0,0.0,7.0,3.0,7.0,6.0,23.0,0.0,0.0,0.0,0.0,8021.0
MID11998,171.07183794737486,447.18871950368026,101.00514008230479,40.29922288938765,8019,3.0,5.0,3.0,0.0,1.0,3.0,0.0,0.0,1.0,8.0,8.0,4.0,8.0,28.0,0.0,0.0,0.0,8019.0,0.0
MID11999,171.28718536859205,448.07334048895865,101.37961972184094,40.3763058800049,8017,2.0,0.0,1.0,4.0,0.0,0.0,7.0,0.0,1.0,1.0,10.0,8.0,6.0,25.0,0.0,8017.0,0.0,0.0,0.0
MID12000,171.30973732236265,444.38563829468984,100.92553853153811,40.246897934430265,8022,4.0,5.0,5.0,0.0,0.0,7.0,0.0,0.0,5.0,7.0,7.0,9.0,6.0,29.0,0.0,0.0,8022.0,0.0,0.0
